{
  "combiner": {
    "accuracy": 5.194805194805195,
    "correct": 4,
    "total": 77
  },
  "zplane": {
    "accuracy": 12.642045454545455,
    "correct": 89,
    "total": 704
  },
  "overall": {
    "accuracy": 11.907810499359796,
    "correct": 93,
    "total": 781
  },
  "cell_stats": {
    "AZ": {
      "accuracy": 0.0,
      "correct": 0,
      "total": 11,
      "avg_error": 23.529505816372957
    },
    "BZ": {
      "accuracy": 0.0,
      "correct": 0,
      "total": 11,
      "avg_error": 22.045601758089933
    },
    "CZ": {
      "accuracy": 0.0,
      "correct": 0,
      "total": 11,
      "avg_error": 18.2294904535467
    },
    "DZ": {
      "accuracy": 0.0,
      "correct": 0,
      "total": 11,
      "avg_error": 16.680489106611773
    },
    "AB": {
      "accuracy": 9.090909090909092,
      "correct": 1,
      "total": 11,
      "avg_error": 15.096823865717107
    },
    "CD": {
      "accuracy": 0.0,
      "correct": 0,
      "total": 11,
      "avg_error": 16.152651006525215
    },
    "ABCD": {
      "accuracy": 27.27272727272727,
      "correct": 3,
      "total": 11,
      "avg_error": 6.647328116677024
    },
    "Z-Plane A-Current-1": {
      "accuracy": 18.181818181818183,
      "correct": 2,
      "total": 11,
      "avg_error": 14.91891734383323
    },
    "Z-Plane A-ISO Temp-1": {
      "accuracy": 18.181818181818183,
      "correct": 2,
      "total": 11,
      "avg_error": 17.617330117659137
    },
    "Z-Plane A-Current-2": {
      "accuracy": 18.181818181818183,
      "correct": 2,
      "total": 11,
      "avg_error": 14.889582321860575
    },
    "Z-Plane A-ISO Temp-2": {
      "accuracy": 18.181818181818183,
      "correct": 2,
      "total": 11,
      "avg_error": 24.61882322484797
    },
    "Z-Plane A-Current-3": {
      "accuracy": 18.181818181818183,
      "correct": 2,
      "total": 11,
      "avg_error": 15.041208891435105
    },
    "Z-Plane A-ISO Temp-3": {
      "accuracy": 0.0,
      "correct": 0,
      "total": 11,
      "avg_error": 24.760218273509633
    },
    "Z-Plane A-Current-4": {
      "accuracy": 18.181818181818183,
      "correct": 2,
      "total": 11,
      "avg_error": 14.848301818154074
    },
    "Z-Plane A-ISO Temp-4": {
      "accuracy": 0.0,
      "correct": 0,
      "total": 11,
      "avg_error": 21.048981753262606
    },
    "Z-Plane A-Current-5": {
      "accuracy": 18.181818181818183,
      "correct": 2,
      "total": 11,
      "avg_error": 14.719624762101608
    },
    "Z-Plane A-ISO Temp-5": {
      "accuracy": 0.0,
      "correct": 0,
      "total": 11,
      "avg_error": 22.17310298572887
    },
    "Z-Plane A-Current-6": {
      "accuracy": 18.181818181818183,
      "correct": 2,
      "total": 11,
      "avg_error": 14.680601328069514
    },
    "Z-Plane A-ISO Temp-6": {
      "accuracy": 9.090909090909092,
      "correct": 1,
      "total": 11,
      "avg_error": 21.483827330849387
    },
    "Z-Plane A-Current-7": {
      "accuracy": 18.181818181818183,
      "correct": 2,
      "total": 11,
      "avg_error": 15.080705660039728
    },
    "Z-Plane A-ISO Temp-7": {
      "accuracy": 0.0,
      "correct": 0,
      "total": 11,
      "avg_error": 22.839749943126332
    },
    "Z-Plane A-Current-8": {
      "accuracy": 18.181818181818183,
      "correct": 2,
      "total": 11,
      "avg_error": 24.16687936782837
    },
    "Z-Plane A-ISO Temp-8": {
      "accuracy": 0.0,
      "correct": 0,
      "total": 11,
      "avg_error": 22.722445661371406
    },
    "Z-Plane B-Current-1": {
      "accuracy": 18.181818181818183,
      "correct": 2,
      "total": 11,
      "avg_error": 6.12763689214533
    },
    "Z-Plane B-ISO Temp-1": {
      "accuracy": 9.090909090909092,
      "correct": 1,
      "total": 11,
      "avg_error": 21.464105172590777
    },
    "Z-Plane B-Current-2": {
      "accuracy": 18.181818181818183,
      "correct": 2,
      "total": 11,
      "avg_error": 5.09696833003651
    },
    "Z-Plane B-ISO Temp-2": {
      "accuracy": 0.0,
      "correct": 0,
      "total": 11,
      "avg_error": 19.20152100649747
    },
    "Z-Plane B-Current-3": {
      "accuracy": 18.181818181818183,
      "correct": 2,
      "total": 11,
      "avg_error": 5.19611667286266
    },
    "Z-Plane B-ISO Temp-3": {
      "accuracy": 18.181818181818183,
      "correct": 2,
      "total": 11,
      "avg_error": 14.590046102350408
    },
    "Z-Plane B-Current-4": {
      "accuracy": 18.181818181818183,
      "correct": 2,
      "total": 11,
      "avg_error": 12.064017607948996
    },
    "Z-Plane B-ISO Temp-4": {
      "accuracy": 0.0,
      "correct": 0,
      "total": 11,
      "avg_error": 15.354632290926846
    },
    "Z-Plane B-Current-5": {
      "accuracy": 18.181818181818183,
      "correct": 2,
      "total": 11,
      "avg_error": 5.137983703613281
    },
    "Z-Plane B-ISO Temp-5": {
      "accuracy": 0.0,
      "correct": 0,
      "total": 11,
      "avg_error": 21.329956921664152
    },
    "Z-Plane B-Current-6": {
      "accuracy": 18.181818181818183,
      "correct": 2,
      "total": 11,
      "avg_error": 4.940686798095704
    },
    "Z-Plane B-ISO Temp-6": {
      "accuracy": 0.0,
      "correct": 0,
      "total": 11,
      "avg_error": 19.08733792738481
    },
    "Z-Plane B-Current-7": {
      "accuracy": 18.181818181818183,
      "correct": 2,
      "total": 11,
      "avg_error": 5.015843530134721
    },
    "Z-Plane B-ISO Temp-7": {
      "accuracy": 18.181818181818183,
      "correct": 2,
      "total": 11,
      "avg_error": 17.22319039431485
    },
    "Z-Plane B-Current-8": {
      "accuracy": 18.181818181818183,
      "correct": 2,
      "total": 11,
      "avg_error": 23.448912152377044
    },
    "Z-Plane B-ISO Temp-8": {
      "accuracy": 18.181818181818183,
      "correct": 2,
      "total": 11,
      "avg_error": 14.184893694790928
    },
    "Z-Plane C-Current-1": {
      "accuracy": 18.181818181818183,
      "correct": 2,
      "total": 11,
      "avg_error": 17.96033224626021
    },
    "Z-Plane C-ISO Temp-1": {
      "accuracy": 18.181818181818183,
      "correct": 2,
      "total": 11,
      "avg_error": 15.808453646573154
    },
    "Z-Plane C-Current-2": {
      "accuracy": 18.181818181818183,
      "correct": 2,
      "total": 11,
      "avg_error": 15.082234330610795
    },
    "Z-Plane C-ISO Temp-2": {
      "accuracy": 0.0,
      "correct": 0,
      "total": 11,
      "avg_error": 14.16115361993963
    },
    "Z-Plane C-Current-3": {
      "accuracy": 18.181818181818183,
      "correct": 2,
      "total": 11,
      "avg_error": 18.783434052900834
    },
    "Z-Plane C-ISO Temp-3": {
      "accuracy": 18.181818181818183,
      "correct": 2,
      "total": 11,
      "avg_error": 13.096860018643467
    },
    "Z-Plane C-Current-4": {
      "accuracy": 18.181818181818183,
      "correct": 2,
      "total": 11,
      "avg_error": 14.301029933582653
    },
    "Z-Plane C-ISO Temp-4": {
      "accuracy": 0.0,
      "correct": 0,
      "total": 11,
      "avg_error": 15.763533158735795
    },
    "Z-Plane C-Current-5": {
      "accuracy": 18.181818181818183,
      "correct": 2,
      "total": 11,
      "avg_error": 18.083946895599368
    },
    "Z-Plane C-ISO Temp-5": {
      "accuracy": 18.181818181818183,
      "correct": 2,
      "total": 11,
      "avg_error": 15.43699160489169
    },
    "Z-Plane C-Current-6": {
      "accuracy": 18.181818181818183,
      "correct": 2,
      "total": 11,
      "avg_error": 17.199914828213778
    },
    "Z-Plane C-ISO Temp-6": {
      "accuracy": 18.181818181818183,
      "correct": 2,
      "total": 11,
      "avg_error": 11.943296952681107
    },
    "Z-Plane C-Current-7": {
      "accuracy": 18.181818181818183,
      "correct": 2,
      "total": 11,
      "avg_error": 17.954777058688077
    },
    "Z-Plane C-ISO Temp-7": {
      "accuracy": 0.0,
      "correct": 0,
      "total": 11,
      "avg_error": 13.861079302701084
    },
    "Z-Plane C-Current-8": {
      "accuracy": 18.181818181818183,