{
  "train_loss": [
    582.2421027289497,
    436.83489990234375,
    450.88583204481336,
    364.5696970621745,
    258.5951279534234,
    175.02677959865994,
    118.36815240648058,
    81.05821469095018,
    85.12456766764323,
    88.80612415737576,
    82.70164489746094,
    74.25204446580675,
    65.78453837500678,
    58.98187197579278,
    64.63227377997504,
    66.63579569922553,
    61.14029497570462,
    59.81699403127035,
    53.732632637023926,
    48.06391864352756,
    47.60756784015231,
    52.23806015650431,
    50.11699681811862,
    47.834610064824425,
    46.602829933166504,
    40.844601260291206,
    45.98057519065009,
    48.01082572672102,
    44.53790903091431,
    48.87317938274808,
    39.991747273339165,
    34.964111751980255,
    39.684775034586586
  ],
  "val_loss": [
    350.7803649902344,
    332.5533447265625,
    287.9310607910156,
    144.1756591796875,
    154.61990356445312,
    91.54313659667969,
    65.50902557373047,
    69.56346893310547,
    76.72516632080078,
    71.83074951171875,
    63.537235260009766,
    78.24763488769531,
    65.53376007080078,
    59.950111389160156,
    59.96651077270508,
    98.45379638671875,
    64.75587463378906,
    48.55046844482422,
    62.83634948730469,
    60.12976837158203,
    57.89714050292969,
    93.03875732421875,
    71.72173309326172,
    60.5272216796875,
    57.872684478759766,
    68.89104461669922,
    59.901466369628906,
    58.067684173583984,
    54.07422637939453,
    70.65453338623047,
    59.2885856628418,
    62.06008529663086,
    57.41427230834961
  ],
  "train_mae": [
    20.925068855285645,
    19.45260959201389,
    19.32781744003296,
    17.537360853619045,
    13.684414280785454,
    10.710210826661852,
    8.325618068377176,
    6.736068248748779,
    6.687057733535767,
    6.89739367696974,
    6.521633267402649,
    6.227121882968479,
    5.6842254466480675,
    5.511399209499359,
    5.7048952380816145,
    5.765463484658135,
    5.440217137336731,
    5.3463628556993275,
    5.120590918593937,
    4.925667001141442,
    4.856966124640571,
    5.0830831329027815,
    4.873729613092211,
    4.7521644830703735,
    4.746791376007928,
    4.3692918287383185,
    4.686577883031633,
    4.74125314089987,
    4.637232429451412,
    4.754949039883083,
    4.340682678752476,
    4.147942198647393,
    4.3250267836782665
  ],
  "val_mae": [
    18.03752326965332,
    17.462989807128906,
    16.094881057739258,
    9.028088569641113,
    6.686384677886963,
    7.429391860961914,
    5.793806552886963,
    5.470306396484375,
    6.0630693435668945,
    5.417510509490967,
    5.302529335021973,
    5.460836410522461,
    4.925656318664551,
    4.963088035583496,
    4.691999912261963,
    6.7600202560424805,
    4.9829182624816895,
    4.224328517913818,
    4.646096706390381,
    4.568338394165039,
    4.405899524688721,
    5.982844829559326,
    5.564518451690674,
    4.563561916351318,
    4.283914089202881,
    5.383231163024902,
    4.407731533050537,
    4.596432685852051,
    4.345085620880127,
    5.4656243324279785,
    4.824857711791992,
    4.934592247009277,
    4.379589557647705
  ]
}